,name,male,origin,book1,book2,book3,book4,book5,isMarried,isNoble,numDeadRelations,boolDeadRelations,popularity,isAlive,episode_global_num
0,Viserys II Targaryen,1,,0,0,0,0,0,0,0,11,1,0.605351170568561,0.0,
1,Walder Frey,1,House Frey,1,1,1,1,1,1,1,1,1,0.896321070234113,0.0,60.0
3,Aemma Arryn,0,House Arryn,0,0,0,0,0,1,1,0,0,0.183946488294314,0.0,
5,Tommen Baratheon,1,,0,0,0,0,0,0,0,5,1,1.0,0.0,60.0
6,Valarr Targaryen,1,House Targaryen,0,0,0,0,0,1,1,0,0,0.431438127090301,0.0,
7,Viserys I Targaryen,1,,0,0,0,0,0,0,0,5,1,0.678929765886287,0.0,
8,Wilbert,1,,0,0,1,0,0,0,1,0,0,0.0066889632107023,0.0,
10,Will,1,Night's Watch,1,1,0,0,0,0,0,0,0,0.163879598662207,0.0,1.0
25,Willow Witch-eye,0,Wildling,0,0,0,0,1,0,0,0,0,0.0501672240802675,0.0,
26,Woth,1,,0,1,0,0,0,0,0,0,0,0.0301003344481605,0.0,
29,Wyl (guard),0,House Stark,1,0,0,0,0,0,0,0,0,0.0267558528428093,0.0,
30,Wyl Waynwood,0,House Arryn,0,0,0,0,0,0,0,0,0,0.0133779264214046,0.0,
41,Young Henly,1,Night's Watch,0,0,1,0,0,0,0,0,0,0.0133779264214046,0.0,
50,Joffrey Baratheon,1,,0,0,0,0,0,0,0,5,1,1.0,0.0,32.0
51,Laenor Velaryon,1,Foreign Noble,0,0,0,0,0,1,1,0,0,0.193979933110367,0.0,
52,Leobald Tallhart,1,House Stark,0,1,1,1,1,1,1,0,0,0.110367892976588,0.0,
53,Maegor I Targaryen,1,,0,0,0,0,0,0,0,0,0,0.705685618729097,0.0,
54,Margaery Tyrell,0,House Tyrell,1,1,1,1,1,1,1,3,1,1.0,0.0,60.0
55,Naerys Targaryen,0,House Targaryen,1,0,0,0,0,1,1,12,1,0.220735785953177,0.0,
58,Quellon Greyjoy,1,House Greyjoy,0,0,0,1,0,1,1,0,0,0.0903010033444816,0.0,
59,Quentyn Blackwood,0,House Tully,0,0,0,0,0,0,1,0,0,0.020066889632107,0.0,
65,Quort,1,Wildling,0,0,1,0,0,0,0,0,0,0.0100334448160535,0.0,
66,Qyle,1,,0,1,0,0,0,0,0,0,0,0.0133779264214046,0.0,
72,Rast,1,Night's Watch,1,1,1,0,0,0,0,0,0,0.0668896321070234,0.0,35.0
80,Red Rolfe,1,House Greyjoy,0,1,0,0,0,0,0,0,0,0.0133779264214046,0.0,
84,Rhaegel Targaryen,1,House Targaryen,0,0,0,0,0,1,1,3,1,0.0969899665551839,0.0,
85,Rhaena Targaryen (daughter of Daemon),0,House Targaryen,0,0,0,0,0,1,1,0,0,0.1438127090301,0.0,
86,Rhaena Targaryen (daughter of Aegon III),0,House Targaryen,0,0,0,0,0,0,1,0,0,0.0735785953177257,0.0,
87,Rhaenys Targaryen,0,House Targaryen,1,0,0,0,0,1,1,1,1,0.277591973244147,0.0,
88,Rhaenys Targaryen (daughter of Rhaegar),0,House Targaryen,1,1,1,1,1,0,1,10,1,0.244147157190635,0.0,
90,Rhaenys Targaryen (daughter of Aemon),0,House Targaryen,0,0,0,0,0,1,1,0,0,0.1438127090301,0.0,
92,Richard Farrow,0,Noble,0,0,0,1,0,0,1,0,0,0.0167224080267558,0.0,
101,Robb Stark,1,,0,0,0,0,0,0,0,7,1,1.0,0.0,29.0
109,Roger of Pennytree,1,,0,0,0,0,0,0,0,0,0,0.0301003344481605,0.0,
127,Rowan,1,Wildling,0,0,0,0,1,0,0,0,0,0.060200668896321,0.0,
129,Runciter,1,,0,0,0,0,0,0,1,0,0,0.244147157190635,0.0,
135,Ryles,0,Night's Watch,0,0,1,0,0,0,0,0,0,0.0133779264214046,0.0,
140,Sallor,1,Outlaw,0,0,1,0,0,0,0,0,0,0.0301003344481605,0.0,
164,Softfoot,1,Night's Watch,0,0,1,0,0,0,0,0,0,0.020066889632107,0.0,
165,Spotted Pate of Maidenpool,1,Night's Watch,0,0,1,0,0,0,0,0,0,0.0133779264214046,0.0,
166,Squint,0,House Greyjoy,0,1,0,0,0,0,0,0,0,0.0033444816053511,0.0,
167,Squirrel,0,Wildling,0,0,0,0,1,0,0,0,0,0.0434782608695652,0.0,
169,Stafford Lannister,1,House Lannister,1,1,1,1,1,1,1,1,1,0.170568561872909,0.0,
172,Stannis Baratheon,1,,0,0,0,0,0,0,0,4,1,1.0,0.0,50.0
174,Stone Thumbs,0,Wildling,0,0,1,0,0,0,0,0,0,0.0033444816053511,0.0,
177,Sylas,0,House Greyjoy,0,1,0,0,0,0,0,0,0,0.0066889632107023,0.0,
184,Tansy,0,Peasant,0,0,1,1,0,0,0,0,0,0.0234113712374581,0.0,32.0
191,Thistle,0,Wildling,0,0,0,0,1,0,0,0,0,0.0167224080267558,0.0,
200,Todric,1,,0,1,0,0,0,0,0,0,0,0.0167224080267558,0.0,
203,Tommard Heddle,1,Noble,0,0,0,0,0,0,1,0,0,0.0468227424749163,0.0,
206,Tothmure,1,,0,1,0,0,0,0,1,0,0,0.0133779264214046,0.0,
208,Tregar,0,House Lannister,1,0,0,0,0,0,0,0,0,0.0066889632107023,0.0,
213,Tristifer IV Mudd,1,,0,0,0,0,0,0,0,0,0,0.0535117056856187,0.0,
221,Ulf the Ill,0,House Greyjoy,0,1,0,0,0,0,0,0,0,0.0133779264214046,0.0,
233,Uthor Underleaf,1,,0,0,0,0,0,0,1,0,0,0.0501672240802675,0.0,
234,Utt,1,Outlaw,0,1,1,0,0,0,0,0,0,0.0234113712374581,0.0,
236,Varly,0,House Stark,1,0,0,0,0,0,0,0,0,0.0167224080267558,0.0,
250,Walder Frey (son of Merrett),1,House Frey,0,0,0,0,0,0,0,0,0,0.0,0.0,
251,Wallen,0,Night's Watch,1,0,0,0,0,0,0,0,0,0.020066889632107,0.0,6.0
253,Walys Flowers,1,House Tyrell,0,0,0,0,1,0,1,0,0,0.0234113712374581,0.0,
261,Watt,1,Night's Watch,0,0,1,0,0,0,0,0,0,0.0167224080267558,0.0,
267,Rafford,1,House Lannister,0,1,1,1,1,0,0,0,0,0.0969899665551839,0.0,
272,Tanda Stokeworth,0,House Lannister,1,1,1,1,1,0,1,1,1,0.113712374581939,0.0,
277,Addam Osgrey,1,House Tyrell,0,0,0,0,0,0,0,0,0,0.0367892976588628,0.0,
279,Aegon Frey (son of Stevron),1,House Frey,0,0,0,0,0,0,0,0,0,0.0,0.0,
280,Aegon I Targaryen,1,,0,0,0,0,0,0,0,6,1,1.0,0.0,
281,Aegon II Targaryen,1,,0,0,0,0,0,0,0,7,1,0.759197324414715,0.0,
282,Aegon IV Targaryen,1,,0,0,0,0,0,0,0,15,1,0.675585284280936,0.0,
284,Aegon III Targaryen,1,Foreign Peasant,0,0,0,0,0,0,0,8,1,0.625418060200668,0.0,
285,Aegon Targaryen (son of Jaehaerys I),0,House Targaryen,0,0,0,0,0,0,1,0,0,0.0,0.0,
286,Aegon Targaryen (son of Aenys I),1,House Targaryen,0,0,0,0,0,1,1,0,0,0.0,0.0,
287,Aegon Targaryen (son of Rhaegar),1,House Targaryen,0,0,0,0,0,0,0,0,0,0.0,0.0,
289,Aenys I Targaryen,1,,0,0,0,0,0,0,0,5,1,0.57190635451505,0.0,
292,Aggar,1,House Greyjoy,0,1,0,0,1,0,0,0,0,0.0267558528428093,0.0,
294,Aerys I Targaryen,1,,0,0,0,0,0,0,0,3,1,0.622073578595317,0.0,
296,Aerys II Targaryen,1,,0,0,0,0,0,0,0,10,1,1.0,0.0,
297,Alebelly,1,House Stark,0,1,0,0,0,0,0,0,0,0.0301003344481605,0.0,
298,Alequo Adarys,1,Foreign Peasant,0,0,0,0,0,0,0,0,0,0.0133779264214046,0.0,
301,All-for-Joffrey,1,,0,1,0,0,0,0,0,0,0,0.0066889632107023,0.0,
304,Alicent Hightower,0,House Tyrell,0,0,0,0,0,1,1,4,1,0.267558528428093,0.0,
310,Alyn Velaryon,1,Foreign Noble,0,0,0,1,1,1,1,0,0,0.160535117056856,0.0,
311,Alysanne Osgrey,0,House Tyrell,0,0,0,0,0,0,0,0,0,0.0267558528428093,0.0,
317,Andrey Charlton,1,House Frey,0,1,0,0,0,0,1,0,0,0.0133779264214046,0.0,
329,Baelon Targaryen (son of Viserys I),1,House Targaryen,0,0,0,0,0,0,1,0,0,0.100334448160535,0.0,
332,Baelor Targaryen (son of Daeron II),1,House Targaryen,0,0,1,0,0,1,1,3,1,0.474916387959866,0.0,
334,Bannen,1,Night's Watch,0,1,1,0,0,0,0,0,0,0.0334448160535117,0.0,24.0
350,Ben Bushy,0,Noble,0,0,0,1,0,0,1,0,0,0.0234113712374581,0.0,
385,Brown Bernarr,0,Night's Watch,0,1,1,0,0,0,0,0,0,0.0234113712374581,0.0,
392,Byam Flint,1,Night's Watch,0,0,1,0,0,0,1,0,0,0.020066889632107,0.0,
396,Lord Cafferen,1,House Baratheon,0,0,1,0,0,0,1,0,0,0.020066889632107,0.0,
406,Cedric Payne,1,House Lannister,0,0,0,1,0,0,1,0,0,0.0133779264214046,0.0,
410,Catelyn Stark,0,House Tully,0,0,0,0,0,1,1,7,1,0.0,0.0,29.0
412,Chiggen,1,,1,0,0,0,0,0,0,0,0,0.0167224080267558,0.0,
421,Conn,1,Outlaw,1,0,0,0,0,0,0,0,0,0.0133779264214046,0.0,
429,Daella Targaryen (daughter of Jaehaerys I),0,House Targaryen,0,0,0,0,0,1,1,0,0,0.0869565217391304,0.0,
430,Daella Targaryen (daughter of Maekar I),1,House Targaryen,0,0,0,0,0,0,1,0,0,0.0802675585284281,0.0,
431,Daenerys Targaryen (daughter of Aegon IV),0,House Targaryen,0,0,0,0,1,1,1,10,1,0.0936454849498327,0.0,
432,Daeron I Targaryen,1,,0,0,0,0,0,0,0,7,1,0.518394648829431,0.0,
433,Daena Targaryen,0,House Targaryen,0,0,0,0,0,1,1,7,1,0.227424749163879,0.0,
435,Daeron Targaryen (son of Viserys I),1,House Targaryen,0,0,0,0,0,0,1,0,0,0.227424749163879,0.0,
437,Daeron Targaryen (son of Maekar I),1,House Targaryen,0,1,0,1,0,1,1,0,0,0.130434782608695,0.0,
438,Daeron II Targaryen,1,,0,0,0,0,0,0,0,10,1,0.765886287625418,0.0,
442,Damon Lannister (lord),1,House Lannister,0,0,0,0,0,1,1,0,0,0.0,0.0,
448,Del,0,Wildling,0,0,1,1,0,0,0,0,0,0.0133779264214046,0.0,
456,Dick Follard,1,Night's Watch,0,0,1,0,0,0,0,0,0,0.0301003344481605,0.0,
458,Dobber,1,,0,1,0,0,0,0,0,0,0,0.0267558528428093,0.0,
461,Donella Hornwood,0,House Stark,0,1,0,0,1,1,1,0,0,0.0969899665551839,0.0,
466,Dornish Dilly,0,Night's Watch,0,0,1,0,0,0,0,0,0,0.0033444816053511,0.0,
469,Drennan,1,House Greyjoy,0,1,0,0,0,0,0,0,0,0.0133779264214046,0.0,16.0
475,Dykk Harlaw,1,House Greyjoy,0,1,0,0,0,0,0,0,0,0.0100334448160535,0.0,
476,Easy,1,Night's Watch,0,0,1,0,0,0,0,0,0,0.0033444816053511,0.0,
477,Duncan Targaryen,1,House Targaryen,0,0,1,1,1,1,1,6,1,0.140468227424749,0.0,
481,Edwyn Osgrey,1,House Tyrell,0,0,0,0,0,0,1,0,0,0.020066889632107,0.0,
487,Elaena Targaryen,0,House Targaryen,0,0,0,0,0,1,1,7,1,0.137123745819397,0.0,
490,Elza,0,Foreign Peasant,0,0,0,0,1,0,0,0,0,0.0100334448160535,0.0,
506,Euron Greyjoy,1,House Greyjoy,0,0,0,0,0,0,0,4,1,0.739130434782608,0.0,72.0
511,Fogo,1,Dothraki,1,0,0,0,0,0,1,0,0,0.020066889632107,0.0,
514,Frenya,1,Wildling,0,0,0,0,1,0,0,0,0,0.0434782608695652,0.0,
528,Garth of Oldtown,0,Night's Watch,0,0,1,0,0,0,0,0,0,0.020066889632107,0.0,
531,Gelmarr,1,House Greyjoy,0,1,0,0,1,0,0,0,0,0.0267558528428093,0.0,
533,Gerold Lannister,1,House Lannister,0,0,0,0,0,1,1,0,0,0.0869565217391304,0.0,
536,Gladden Wylde,1,House Baratheon,1,0,0,0,0,0,1,0,0,0.0167224080267558,0.0,
537,Glendon Flowers,1,,0,0,0,0,0,0,1,0,0,0.0802675585284281,0.0,
543,Grazdan,1,Foreign Peasant,0,0,1,0,0,0,1,0,0,0.0133779264214046,0.0,
567,Gynir,1,House Greyjoy,0,1,0,0,1,0,0,0,0,0.0267558528428093,0.0,
570,Hali,0,Wildling,1,0,0,0,0,0,0,0,0,0.020066889632107,0.0,
573,Hamish the Harper,0,,0,0,1,1,1,0,0,0,0,0.020066889632107,0.0,
574,Halys Hornwood,1,House Stark,1,1,0,1,0,1,1,0,0,0.107023411371237,0.0,
575,Harghaz,1,Foreign Peasant,0,0,0,0,1,0,0,0,0,0.0234113712374581,0.0,
577,Harlan Grandison,1,House Baratheon,0,0,1,0,0,0,1,0,0,0.0167224080267558,0.0,
584,Harra,0,House Tully,0,1,0,0,0,0,0,0,0,0.0167224080267558,0.0,
585,Harrag Sharp,0,House Greyjoy,0,1,0,0,0,0,0,0,0,0.0167224080267558,0.0,
588,Harren Botley,0,House Greyjoy,0,0,0,1,0,0,0,0,0,0.060200668896321,0.0,
591,Harsley,1,,0,0,1,0,1,0,0,0,0,0.0033444816053511,0.0,
596,Helicent Uffering,0,Noble,0,0,0,0,0,0,0,0,0,0.0234113712374581,0.0,
603,Hendry Bracken,0,House Tully,0,1,0,0,0,0,0,0,0,0.040133779264214,0.0,
604,Heward,0,House Stark,1,0,0,0,0,0,0,0,0,0.020066889632107,0.0,
617,Jaehaerys Targaryen (son of Aegon II),1,House Targaryen,0,0,0,0,0,0,1,0,0,0.187290969899665,0.0,
618,Jaehaera Targaryen,0,House Targaryen,0,0,0,0,0,1,1,0,0,0.280936454849498,0.0,
620,Jaehaerys II Targaryen,1,,0,0,0,0,0,0,0,0,0,0.494983277591973,0.0,
622,Jaehaerys I Targaryen,1,,0,0,0,0,0,0,0,5,1,0.65886287625418,0.0,
623,Jate,0,,0,0,0,1,0,0,0,0,0,0.0,0.0,
634,Jeyne Westerling (wife of Maegor I),0,House Lannister,0,0,1,0,0,1,1,0,0,0.110367892976588,0.0,
635,Jeyne Waters,1,Peasant,0,0,0,0,0,0,0,0,0,0.0735785953177257,0.0,
640,Joanna Lannister,0,House Lannister,1,1,1,1,1,1,1,5,1,0.23076923076923,0.0,
651,Jon Umber (Smalljon),1,House Stark,1,1,1,1,1,0,0,0,0,0.0702341137123745,0.0,
653,Jon Waters,1,,0,0,0,1,0,0,1,0,0,0.0769230769230769,0.0,
665,Jyck,1,House Lannister,1,0,0,0,0,0,0,0,0,0.0301003344481605,0.0,
670,Kenned,0,House Greyjoy,0,1,0,0,0,0,0,0,0,0.0066889632107023,0.0,
675,Koss,1,,0,1,0,0,0,0,0,0,0,0.0367892976588628,0.0,
676,Kromm,0,House Greyjoy,0,1,0,0,0,0,0,0,0,0.0066889632107023,0.0,
677,Kurz,1,,0,1,0,0,0,0,0,0,0,0.0367892976588628,0.0,
679,Kyle (brotherhood),0,Outlaw,0,0,0,0,0,0,0,0,0,0.0,0.0,
692,Lem (Standfast),0,House Tyrell,0,0,0,0,0,0,0,0,0,0.0133779264214046,0.0,
710,Lorimer,1,House Lannister,0,0,0,1,0,0,1,0,0,0.0133779264214046,0.0,
711,Lorren,1,,0,1,0,0,0,0,0,0,0,0.0234113712374581,0.0,
715,Lucan,1,House Tully,0,1,0,0,0,0,0,0,0,0.0133779264214046,0.0,
719,Lucas Roote,1,House Frey,0,0,1,0,0,0,0,0,0,0.0133779264214046,0.0,
727,Luton,1,House Stark,0,0,0,0,1,0,0,0,0,0.0234113712374581,0.0,
733,Lyonel Bentley,0,Soldier,0,0,0,0,0,0,1,0,0,0.0133779264214046,0.0,
734,Lyonel Tyrell (lord),1,House Tyrell,0,0,0,0,0,0,1,0,0,0.020066889632107,0.0,
739,Maerie (Whore),0,,0,0,1,0,0,0,0,0,0,0.0033444816053511,0.0,
754,Marq Grafton,1,House Arryn,0,0,0,1,0,0,0,0,0,0.0301003344481605,0.0,
756,Maslyn,0,Night's Watch,0,0,1,0,0,0,0,0,0,0.0133779264214046,0.0,
776,Mero,1,Outlaw,0,0,1,0,1,0,0,0,0,0.0468227424749163,0.0,28.0
787,Morrec,1,House Lannister,1,0,0,0,0,0,0,0,0,0.0267558528428093,0.0,
790,Mors Martell (brother of Doran),1,House Martell,0,0,0,1,0,0,0,0,0,0.0668896321070234,0.0,
799,Myles (squire),1,House Tully,0,1,0,0,0,0,0,0,0,0.0133779264214046,0.0,
800,Myrtle,0,Wildling,0,0,0,0,1,0,0,0,0,0.0468227424749163,0.0,
817,Ogo,1,Dothraki,1,0,0,0,0,0,0,0,0,0.0367892976588628,0.0,
821,Old Henly,1,Night's Watch,0,0,1,0,0,0,0,0,0,0.0133779264214046,0.0,
822,Olyvar Oakheart,1,House Tyrell,0,0,0,1,0,0,1,0,0,0.0234113712374581,0.0,
826,Orell,1,Wildling,0,1,1,1,1,0,0,0,0,0.0802675585284281,0.0,29.0
827,Ormond (knight),0,,0,0,0,0,0,0,1,0,0,0.0,0.0,
835,Othor,1,Night's Watch,1,0,0,0,0,0,0,0,0,0.0568561872909698,0.0,8.0
845,Pate (Pinchbottom),0,,0,0,0,0,0,0,0,0,0,0.0033444816053511,0.0,
848,Pate (Standfast),1,House Tyrell,0,0,0,0,0,0,0,0,0,0.0133779264214046,0.0,
860,Poul Pemford,1,Noble,0,1,0,0,0,0,0,0,0,0.0066889632107023,0.0,
861,Poxy Tym,1,House Stark,0,1,0,0,0,0,0,0,0,0.0100334448160535,0.0,
862,Praed,1,,0,1,0,0,0,0,0,0,0,0.0167224080267558,0.0,
874,Quaro,0,Dothraki,1,0,0,0,1,0,0,0,0,0.0301003344481605,0.0,
879,Aladale Wynch,1,House Greyjoy,0,1,1,0,0,0,1,0,0,0.020066889632107,0.0,
886,Allard Seaworth,1,House Baratheon,0,1,1,1,1,0,1,0,0,0.0635451505016722,0.0,
887,Allar Deem,1,Soldier,0,1,0,0,0,0,0,0,0,0.0434782608695652,0.0,
889,Alyn Cockshaw,1,House Tyrell,0,0,0,0,0,0,1,0,0,0.040133779264214,0.0,
900,Alyssa Blackwood,0,House Tully,0,1,1,1,1,1,1,0,0,0.0969899665551839,0.0,
902,Amarei Crakehall,0,House Lannister,0,1,1,1,1,1,0,0,0,0.153846153846153,0.0,
903,Ambrose Butterwell,1,House Targaryen,0,0,0,0,0,1,1,0,0,0.414715719063545,0.0,
905,Andros Brax,1,House Lannister,1,0,1,0,0,0,1,0,0,0.0535117056856187,0.0,
921,Balman Byrch,1,Noble,0,0,1,1,1,1,1,0,0,0.0735785953177257,0.0,
922,Barth,1,Soldier,0,0,1,1,1,0,0,0,0,0.354515050167224,0.0,
930,Benfrey Frey,1,House Frey,0,1,1,1,1,1,1,0,0,0.0735785953177257,0.0,
937,Bethany Rosby,0,House Baratheon,0,1,1,1,1,1,1,0,0,0.0668896321070234,0.0,
944,Bryan Fossoway,1,House Tyrell,0,1,0,0,0,0,1,0,0,0.0267558528428093,0.0,
946,Bryen Farring,1,House Lannister,0,1,1,1,1,0,0,0,0,0.0334448160535117,0.0,
947,Bryen Caron,1,House Baratheon,0,0,0,0,0,0,1,0,0,0.0267558528428093,0.0,
948,Burton Crakehall,1,House Lannister,1,1,1,1,0,0,1,0,0,0.0367892976588628,0.0,
949,Craghas Drahar,1,Foreign Peasant,0,0,0,0,0,0,0,0,0,0.0167224080267558,0.0,
952,Cayn,1,House Stark,1,1,0,0,0,0,0,0,0,0.0301003344481605,0.0,
955,Chayle,1,,1,1,1,0,0,0,0,0,0,0.0635451505016722,0.0,
956,Clarent Crakehall,0,House Lannister,0,0,0,0,0,0,1,0,0,0.0100334448160535,0.0,
959,Cley Cerwyn,1,House Stark,0,1,1,1,1,0,1,1,1,0.0735785953177257,0.0,
960,Clubfoot Karl,1,Night's Watch,0,0,1,1,1,0,0,0,0,0.0267558528428093,0.0,
967,Cregan Stark,1,House Stark,1,1,0,0,0,1,1,0,0,0.484949832775919,0.0,
968,Cyrenna Swann,0,House Baratheon,0,1,1,1,1,1,0,0,0,0.0769230769230769,0.0,
974,Dalbridge,1,Night's Watch,0,1,1,1,1,0,0,0,0,0.0501672240802675,0.0,
979,Dareon,1,Night's Watch,1,1,1,1,1,0,0,0,0,0.167224080267558,0.0,
981,Daryn Hornwood,1,House Stark,1,0,0,0,1,0,0,0,0,0.0869565217391304,0.0,
986,Delp,0,House Tully,0,1,1,1,1,0,0,0,0,0.0133779264214046,0.0,
989,Denys Arryn,0,House Arryn,0,0,1,1,0,0,1,0,0,0.0836120401337792,0.0,
991,Desmond,0,House Stark,1,1,0,0,1,0,0,0,0,0.0434782608695652,0.0,
994,Dickon Tarly,1,House Tyrell,1,0,0,1,1,1,0,0,0,0.103678929765886,0.0,65.0
996,Dirk,1,Night's Watch,0,0,1,1,1,0,0,0,0,0.0434782608695652,0.0,
1000,Donnel Locke,0,House Stark,0,1,1,1,0,0,1,0,0,0.0367892976588628,0.0,
1003,Dormund,1,Wildling,0,0,1,1,1,0,0,0,0,0.0267558528428093,0.0,
1005,Ebben,1,Night's Watch,0,1,1,1,1,0,0,0,0,0.0434782608695652,0.0,
1010,Edwyd Fossoway,1,House Tyrell,0,1,0,0,0,0,1,0,0,0.0234113712374581,0.0,
1014,Elbert Arryn,1,House Arryn,0,1,0,1,0,0,1,0,0,0.0468227424749163,0.0,
1020,Elwood,0,House Tully,0,0,1,1,1,0,0,0,0,0.0167224080267558,0.0,
1025,Endrew Tarth,1,House Baratheon,1,1,1,0,0,0,1,0,0,0.0668896321070234,0.0,
1026,Eroeh,0,Foreign Peasant,1,1,0,0,1,0,0,0,0,0.0334448160535117,0.0,
1027,Eon Hunter,1,House Arryn,1,1,1,1,1,0,1,0,0,0.0468227424749163,0.0,
1042,Garth of Greenaway,1,Night's Watch,0,0,1,1,1,0,0,0,0,0.0301003344481605,0.0,
1047,Garth Greyfeather,1,Night's Watch,0,0,1,1,1,0,0,0,0,0.0501672240802675,0.0,
1048,Gawen Swann,1,House Baratheon,0,0,0,0,0,0,1,0,0,0.0167224080267558,0.0,
1050,Gawen Wylde,1,House Baratheon,0,1,0,0,0,0,1,0,0,0.0133779264214046,0.0,
1056,Gerardys,1,House Targaryen,0,0,1,0,0,0,1,0,0,0.0234113712374581,0.0,
1062,Gormon Peake,1,House Tyrell,0,0,0,0,0,0,1,0,0,0.060200668896321,0.0,
1066,Grazdan mo Ullhor,1,Foreign Noble,0,0,1,0,0,0,1,0,0,0.0301003344481605,0.0,
1068,Grubbs,0,Night's Watch,0,0,1,1,1,0,0,0,0,0.020066889632107,0.0,
1070,Guncer Sunglass,1,House Baratheon,0,1,1,0,0,0,1,0,0,0.040133779264214,0.0,
1075,Gwayne Hightower,1,House Tyrell,0,0,0,0,0,0,1,0,0,0.0501672240802675,0.0,
1076,Hairy Hal,0,Night's Watch,0,0,1,1,1,0,0,0,0,0.0334448160535117,0.0,
1077,Hake,1,Night's Watch,1,1,1,0,0,0,0,0,0,0.0267558528428093,0.0,
1083,Harlen Tyrell,1,House Tyrell,1,0,0,0,0,0,1,0,0,0.0635451505016722,0.0,
1086,Harrold Westerling,1,House Lannister,0,0,0,0,0,0,1,0,0,0.270903010033444,0.0,
1087,Harwood Fell,1,Noble,0,0,0,1,1,0,1,0,0,0.0301003344481605,0.0,
1088,Harwin Strong,1,Noble,0,0,0,0,0,0,1,0,0,0.0869565217391304,0.0,
1091,Helman Tallhart,1,House Stark,1,1,1,1,1,0,1,0,0,0.130434782608695,0.0,
1098,Hubard Rambton,1,Noble,0,1,1,0,0,0,1,0,0,0.020066889632107,0.0,
1104,Hullen,1,House Stark,1,1,1,0,1,0,1,0,0,0.060200668896321,0.0,
1105,Humfrey Beesbury,1,House Tyrell,0,0,0,0,0,0,1,0,0,0.0267558528428093,0.0,
1106,Humfrey Hardyng,1,House Arryn,0,0,0,0,0,0,1,0,0,0.0535117056856187,0.0,
1114,Jaremy Rykker,1,Night's Watch,1,1,1,0,1,0,1,0,0,0.060200668896321,0.0,
1115,Jarl,1,Wildling,0,0,1,1,1,0,0,0,0,0.0501672240802675,0.0,
1116,Jason Lannister,1,House Lannister,0,0,0,0,0,1,1,0,0,0.0468227424749163,0.0,
1120,Jeyne Arryn,0,House Arryn,0,0,0,0,0,0,1,0,0,0.0334448160535117,0.0,
1126,Joffrey Lonmouth,1,Noble,0,0,0,0,0,0,1,0,0,0.0234113712374581,0.0,
1127,Joffrey Caswell,1,House Tyrell,0,0,0,0,0,0,1,0,0,0.0234113712374581,0.0,
1139,Jonothor Darry,1,House Frey,0,0,1,1,0,0,1,1,1,0.0468227424749163,0.0,
1144,Kaeth,1,,0,0,1,1,0,0,1,0,0,0.260869565217391,0.0,
1150,Kyra,1,House Stark,1,1,0,1,1,0,0,0,0,0.0535117056856187,0.0,
1153,Lark,1,Night's Watch,0,1,1,0,0,0,0,0,0,0.040133779264214,0.0,
1159,Leo Lefford,1,House Lannister,1,1,1,1,1,0,1,0,0,0.0568561872909698,0.0,
1169,Lorent Marbrand,1,House Lannister,0,0,0,0,0,0,1,0,0,0.0735785953177257,0.0,
1171,Lothar Mallery,0,House Tyrell,1,0,1,0,0,0,1,0,0,0.0167224080267558,0.0,
1179,Lyanna Mormont,1,House Stark,0,0,0,1,1,0,0,1,1,0.0568561872909698,0.0,70.0
1181,Lyman Beesbury,1,House Tyrell,0,0,0,0,0,0,1,0,0,0.260869565217391,0.0,
1183,Lyman Darry,0,House Frey,1,1,0,0,0,0,1,0,0,0.0568561872909698,0.0,
1189,Cleos Frey,1,House Frey,1,1,1,1,1,1,1,0,0,0.247491638795986,0.0,
1190,Dontos Hollard,1,House Baratheon,1,1,1,1,0,0,1,0,0,0.23076923076923,0.0,33.0
1191,Craster,1,Wildling,0,1,1,1,1,0,0,0,0,0.170568561872909,0.0,24.0
1192,Dale Seaworth,1,House Baratheon,0,1,1,1,1,0,1,0,0,0.0702341137123745,0.0,
1198,Lyonel Strong,1,Noble,0,0,0,0,0,1,1,0,0,0.334448160535117,0.0,
1202,Mallador Locke,1,Night's Watch,0,1,1,0,0,0,1,0,0,0.0267558528428093,0.0,
1206,Maric Seaworth,1,House Baratheon,0,1,1,1,1,0,1,0,0,0.0635451505016722,0.0,
1214,Matarys Targaryen,1,House Targaryen,0,0,0,0,0,0,1,0,0,0.100334448160535,0.0,
1216,Martyn Lannister,1,House Lannister,0,1,1,1,1,0,0,5,1,0.137123745819397,0.0,25.0
1220,Mawney,1,Night's Watch,0,0,1,1,1,0,0,0,0,0.0234113712374581,0.0,
1221,Medgar Tully,1,House Tully,0,0,0,0,0,0,1,0,0,0.0167224080267558,0.0,
1222,Medger Cerwyn,1,House Stark,1,1,0,0,0,0,1,1,1,0.0635451505016722,0.0,
1239,Monford Velaryon,1,Foreign Noble,0,1,1,0,0,0,1,0,0,0.0234113712374581,0.0,
1246,Muttering Bill,1,Night's Watch,0,0,1,1,1,0,0,0,0,0.020066889632107,0.0,
1248,Murmison,1,Soldier,0,0,1,0,0,0,0,0,0,0.31438127090301,0.0,
1251,Myles Mooton,1,House Tully,0,0,1,1,0,0,1,0,0,0.0267558528428093,0.0,
1262,Ollo Lophand,1,Night's Watch,0,0,1,1,1,0,0,0,0,0.0367892976588628,0.0,
1267,Orbert Caswell,1,House Tyrell,0,0,0,1,0,0,1,0,0,0.0568561872909698,0.0,
1268,Ordello,0,Foreign Noble,0,0,0,0,1,0,1,0,0,0.0133779264214046,0.0,
1272,Orphan Oss,0,Night's Watch,0,0,1,1,1,0,0,0,0,0.0234113712374581,0.0,
1276,Ossifer Plumm,1,House Targaryen,0,0,1,1,1,1,1,0,0,0.0869565217391304,0.0,
1278,Ottyn Wythers,0,Noble,0,1,1,0,0,0,1,0,0,0.0434782608695652,0.0,
1279,Owen Norrey,0,Outlaw,0,0,1,1,0,0,0,0,0,0.0301003344481605,0.0,
1280,Pate of the Blue Fork,1,House Frey,0,1,1,1,0,1,1,0,0,0.170568561872909,0.0,
1290,Qarlton Chelsted,1,Noble,0,0,1,1,0,0,1,0,0,0.357859531772575,0.0,
1291,Lord Commander Qorgyle,1,House Martell,0,0,1,0,0,0,1,0,0,0.0668896321070234,0.0,
1295,Quentyn Ball,1,House Targaryen,0,0,0,0,0,0,1,0,0,0.0668896321070234,0.0,
1299,Ralf Kenning,1,House Greyjoy,0,0,0,1,1,0,1,0,0,0.0468227424749163,0.0,38.0
1300,Raymun Redbeard,1,Wildling,0,0,0,0,0,0,1,0,0,0.0,0.0,
1302,Raynald Westerling,1,House Lannister,0,0,1,1,0,0,1,0,0,0.0702341137123745,0.0,
1303,Red Alyn of the Rosewood,1,Night's Watch,0,0,1,0,0,0,0,0,0,0.0133779264214046,0.0,
1309,Rhea Royce,0,House Arryn,0,0,0,0,0,1,1,0,0,0.0936454849498327,0.0,
1314,Rickard Thorne,1,House Baratheon,0,0,0,0,0,0,1,0,0,0.0267558528428093,0.0,
1318,Robert Brax,0,House Lannister,0,1,1,0,0,0,1,0,0,0.0468227424749163,0.0,
1320,Robin Flint,0,House Stark,1,1,1,1,0,0,1,0,0,0.0501672240802675,0.0,
1338,Rupert Brax,1,House Lannister,0,1,1,0,0,0,1,0,0,0.040133779264214,0.0,
1340,Ryam Redwyne,1,House Tyrell,1,1,1,1,0,0,1,0,0,0.364548494983277,0.0,
1347,Saera Targaryen,1,House Targaryen,0,0,0,0,0,0,1,0,0,0.0702341137123745,0.0,
1352,Sawane Botley,1,House Greyjoy,0,1,1,1,0,0,1,0,0,0.0903010033444816,0.0,
1360,Shella Whent,0,House Tully,1,1,1,1,1,1,1,1,1,0.0802675585284281,0.0,
1366,Lord Staunton,1,Noble,0,0,0,0,0,0,1,0,0,0.0167224080267558,0.0,
1371,Steffon Darklyn,0,House Targaryen,0,0,0,0,0,0,1,0,0,0.0936454849498327,0.0,
1381,Symond Frey,1,House Frey,0,1,1,1,1,1,0,0,0,0.20066889632107,0.0,
1387,Terrence Toyne,1,Noble,0,0,1,1,1,0,1,0,0,0.040133779264214,0.0,
1394,Tion Frey,1,,1,1,1,1,1,0,0,0,0,0.120401337792642,0.0,
1396,Tomard,1,House Stark,1,1,1,0,1,0,0,0,0,0.0635451505016722,0.0,
1400,Torwynd,1,Wildling,0,0,1,1,1,0,0,0,0,0.0267558528428093,0.0,
1409,Tybolt Lannister,1,House Lannister,0,0,0,0,0,1,1,0,0,0.0769230769230769,0.0,
1412,Tyrek Lannister,1,House Lannister,1,1,1,1,1,1,0,0,0,0.133779264214046,0.0,
1415,Tytos Frey,1,House Frey,0,1,1,1,0,1,1,0,0,0.0635451505016722,0.0,
1422,Vaemond Velaryon,1,Foreign Noble,0,0,0,0,0,0,1,0,0,0.0301003344481605,0.0,
1424,Vayon Poole,1,Noble,1,1,0,0,0,0,1,0,0,0.0535117056856187,0.0,8.0
1425,Vickon Greyjoy,0,House Greyjoy,1,1,1,1,0,0,1,0,0,0.0367892976588628,0.0,
1426,Viserys Plumm,0,House Targaryen,0,0,0,0,1,0,1,0,0,0.0936454849498327,0.0,
1444,Willam Wells,1,House Martell,0,0,0,0,1,0,1,0,0,0.040133779264214,0.0,
1445,Willem Darry,1,House Frey,1,1,1,0,1,0,1,1,1,0.120401337792642,0.0,
1447,Willem Lannister,1,House Lannister,1,1,1,1,1,0,0,4,1,0.167224080267558,0.0,25.0
1449,Willam Stark,1,House Stark,0,1,0,0,0,1,1,0,0,0.11705685618729,0.0,
1458,Aegor Rivers,1,House Tully,0,0,0,1,1,1,1,4,1,0.210702341137123,0.0,
1459,Aenys Frey,1,House Frey,1,1,1,1,1,1,1,0,0,0.147157190635451,0.0,
1460,Aerion Targaryen,1,House Targaryen,0,1,1,0,1,1,1,4,1,0.207357859531772,0.0,
1461,Aemond Targaryen,1,House Targaryen,0,0,0,0,1,0,1,4,1,0.311036789297658,0.0,
1467,Axell Florent,1,House Tyrell,0,1,1,1,1,0,1,1,1,0.307692307692307,0.0,32.0
1470,Benfred Tallhart,1,House Stark,0,1,1,1,1,0,0,0,0,0.0702341137123745,0.0,
1476,Bryce Caron,1,House Baratheon,1,1,0,0,1,0,1,0,0,0.0668896321070234,0.0,
1478,Cassana Estermont,1,House Baratheon,0,1,1,0,1,1,0,0,0,0.103678929765886,0.0,
1479,Chett,1,Night's Watch,1,1,1,0,0,0,0,0,0,0.197324414715719,0.0,
1481,Cersei Lannister,0,House Lannister,1,1,1,1,1,1,1,9,1,1.0,0.0,72.0
1482,Chiswyck,0,House Lannister,0,1,1,0,0,0,0,0,0,0.0635451505016722,0.0,
1483,Cleon,1,Foreign Peasant,0,0,1,1,1,0,1,0,0,0.103678929765886,0.0,
1484,Cohollo,1,Dothraki,1,0,0,0,0,0,0,0,0,0.0334448160535117,0.0,
1485,Cortnay Penrose,1,House Baratheon,0,1,1,0,0,0,1,0,0,0.160535117056856,0.0,
1487,Cragorn,1,House Greyjoy,0,0,0,1,1,0,0,0,0,0.0234113712374581,0.0,
1490,Cressen,1,,0,1,1,1,0,0,1,0,0,0.183946488294314,0.0,
1495,Dalla,0,Wildling,0,0,1,1,1,0,0,0,0,0.0869565217391304,0.0,
1496,Doran Martell,1,House Martell,1,1,1,1,1,1,1,6,1,0.498327759197324,0.0,51.0
1498,Eddison Tollett,1,House Arryn,0,1,1,1,1,0,0,0,0,0.100334448160535,0.0,70.0
1502,Ellaria Sand,0,House Martell,0,0,1,1,1,1,0,2,1,0.160535117056856,0.0,63.0
1503,Ethan Glover,1,House Stark,1,1,0,0,0,0,0,0,0,0.0334448160535117,0.0,
1506,Gerold Hightower,1,House Tyrell,1,1,1,0,0,0,1,0,0,0.414715719063545,0.0,
1512,Gyles Rosby,1,House Baratheon,1,1,1,1,1,0,1,0,0,0.364548494983277,0.0,
1513,Harren Hoare,1,House Greyjoy,0,0,0,0,0,0,0,0,0,0.204013377926421,0.0,
1516,Helaena Targaryen,0,House Targaryen,0,0,0,0,0,1,1,0,0,0.270903010033444,0.0,
1517,Hodor,1,House Stark,1,1,1,1,1,0,0,0,0,0.244147157190635,0.0,55.0
1519,Iggo,1,Dothraki,0,0,1,0,0,0,0,0,0,0.0167224080267558,0.0,
1522,Janos Slynt,1,Night's Watch,1,1,1,1,1,0,1,0,0,0.561872909698996,0.0,43.0
1523,Jared Frey,1,House Frey,1,1,1,1,1,1,1,0,0,0.147157190635451,0.0,
1524,Jasper Wylde,1,House Baratheon,0,0,0,0,0,0,1,0,0,0.250836120401337,0.0,
1526,Jeyne Lothston,0,Noble,0,0,0,0,0,0,0,0,0,0.0234113712374581,0.0,
1529,Jory Cassel,1,House Stark,1,1,1,0,1,0,1,1,1,0.170568561872909,0.0,5.0
1530,Jorah Mormont,1,House Stark,1,1,1,1,1,1,1,1,1,0.722408026755852,0.0,70.0
1532,Khrazz,1,Foreign Peasant,0,0,0,0,1,0,0,0,0,0.0769230769230769,0.0,
1533,Kurleket,1,House Tully,1,0,0,0,0,0,0,0,0,0.0100334448160535,0.0,
1536,Lancel Lannister,1,House Lannister,1,1,1,1,1,1,1,5,1,0.478260869565217,0.0,60.0
1538,Lucas Inchfield,1,Noble,0,0,0,0,0,0,1,0,0,0.0535117056856187,0.0,
1540,Lyanna Stark,1,House Stark,1,1,1,0,1,0,0,5,1,0.354515050167224,0.0,
1542,Lucas Blackwood,1,House Tully,0,1,1,1,1,0,0,0,0,0.0735785953177257,0.0,
1545,Mace Tyrell,1,House Tyrell,1,1,1,1,1,1,1,1,1,0.856187290969899,0.0,60.0
1546,Mag Mar Tun Doh Weg,1,,0,0,1,1,1,0,0,0,0,0.040133779264214,0.0,
1547,Mandon Moore,1,House Arryn,1,1,1,0,0,0,1,0,0,0.120401337792642,0.0,19.0
1548,Mago,0,Dothraki,1,0,1,1,1,0,0,0,0,0.0334448160535117,0.0,8.0
1550,Marillion,1,,1,1,1,1,0,0,0,0,0,0.1438127090301,0.0,
1553,Masha Heddle,0,,1,1,0,0,0,0,0,0,0,0.040133779264214,0.0,
1554,Matthos Seaworth,1,House Baratheon,0,1,1,1,1,0,0,0,0,0.0769230769230769,0.0,19.0
1556,Melara Hetherspoon,0,Noble,0,0,0,1,1,0,0,0,0,0.0468227424749163,0.0,
1557,Melissa Blackwood,0,House Tully,0,0,0,0,1,0,0,0,0,0.0501672240802675,0.0,
1560,Meryn Trant,1,House Baratheon,1,1,1,1,1,0,1,0,0,0.220735785953177,0.0,50.0
1561,Merrett Frey,1,House Frey,1,1,1,1,1,1,0,0,0,0.434782608695652,0.0,
1562,Mohor,1,House Tully,1,0,0,0,0,0,0,0,0,0.0100334448160535,0.0,
1563,Missandei,0,House Targaryen,0,0,1,1,1,0,0,0,0,0.17391304347826,0.0,71.0
1568,Mordane,0,House Stark,1,1,1,0,0,0,0,0,0,0.103678929765886,0.0,
1576,Nymeria Sand,0,House Martell,0,0,1,1,1,0,0,1,1,0.377926421404682,0.0,62.0
1578,Oberyn Martell,1,House Martell,1,1,1,1,1,0,1,5,1,0.77257525083612,0.0,38.0
1583,Osha,1,Wildling,1,1,1,1,1,0,0,0,0,0.250836120401337,0.0,54.0
1586,Orys Baratheon,1,House Baratheon,1,0,0,0,0,1,1,5,1,0.48829431438127,0.0,
1588,Othell Yarwyck,1,Noble,1,1,1,1,1,0,1,0,0,0.0635451505016722,0.0,53.0
1589,Oswell Whent,1,House Tully,1,0,1,0,1,0,1,1,1,0.0802675585284281,0.0,53.0
1590,Otto Hightower,1,House Tyrell,0,0,1,0,0,0,1,0,0,0.371237458193979,0.0,
1594,Petyr Frey,1,House Frey,0,1,1,1,0,1,0,0,0,0.177257525083612,0.0,
1597,Preston Greenfield,1,House Lannister,1,1,1,1,0,0,1,0,0,0.0936454849498327,0.0,
1598,Polliver,1,House Lannister,0,1,1,1,0,0,1,0,0,0.0769230769230769,0.0,31.0
1599,Pyat Pree,0,Foreign Noble,0,1,1,1,1,0,1,0,0,0.0969899665551839,0.0,20.0
1601,Pycelle,1,House Lannister,1,1,1,1,1,0,1,0,0,0.638795986622073,0.0,
1602,Qhorin Halfhand,1,Night's Watch,1,1,1,1,1,0,0,0,0,0.210702341137123,0.0,20.0
1603,Qotho,1,Dothraki,1,0,0,0,0,0,0,0,0,0.0635451505016722,0.0,9.0
1604,Quentyn Martell,1,House Martell,1,1,1,1,1,0,1,0,0,0.551839464882943,0.0,
1607,Randyll Tarly,1,House Tyrell,1,1,1,1,1,1,1,0,0,0.618729096989966,0.0,65.0
1609,Raymun Darry,1,House Frey,1,0,1,1,0,0,1,0,0,0.0769230769230769,0.0,
1611,Small Paul,1,Night's Watch,0,0,1,1,1,0,0,0,0,0.0267558528428093,0.0,
1613,Styr,1,Wildling,0,0,1,1,1,0,1,0,0,0.140468227424749,0.0,39.0
1615,Prendahl na Ghezn,1,Outlaw,0,0,1,0,0,0,0,0,0,0.040133779264214,0.0,28.0
1617,Oznak zo Pahl,1,Foreign Peasant,0,0,1,0,1,0,0,0,0,0.0568561872909698,0.0,
1618,Aegon Blackfyre,1,House Targaryen,0,0,1,0,0,0,0,2,1,0.0836120401337792,0.0,
1619,Addam Velaryon,1,Foreign Noble,0,0,0,0,0,0,1,0,0,0.107023411371237,0.0,
1620,Aegon V Targaryen,1,,0,0,0,0,0,0,0,7,1,0.695652173913043,0.0,
1621,Aemon Blackfyre,1,House Targaryen,0,0,1,0,0,0,0,2,1,0.0869565217391304,0.0,
1623,Alfyn,1,Wildling,0,0,0,0,0,0,0,0,0,0.0,0.0,
1626,Alyn,1,House Stark,1,1,1,0,1,0,0,0,0,0.0735785953177257,0.0,
1627,Alliser Thorne,1,House Baratheon,1,1,1,1,1,0,1,0,0,0.23076923076923,0.0,53.0
1628,Alester Florent,1,House Tyrell,0,1,1,0,1,1,1,0,0,0.327759197324414,0.0,
1633,Amory Lorch,1,House Lannister,1,1,1,1,1,0,1,0,0,0.277591973244147,0.0,16.0
1635,Arlan of Pennytree,1,,0,0,0,0,0,0,1,0,0,0.103678929765886,0.0,
1636,Areo Hotah,1,House Martell,1,1,1,1,1,0,1,0,0,0.25752508361204,0.0,51.0
1638,Arthur Dayne,1,House Martell,1,1,1,1,1,0,1,0,0,0.153846153846153,0.0,53.0
1639,Arys Oakheart,1,House Tyrell,1,1,1,1,1,0,1,0,0,0.34448160535117,0.0,
1640,Ashara Dayne,0,House Martell,1,1,1,0,1,0,0,0,0,0.0936454849498327,0.0,
1641,Aron Santagar,1,House Martell,1,1,0,1,0,0,1,0,0,0.0668896321070234,0.0,
1645,Baelor Blacktyde,1,House Greyjoy,0,1,1,1,0,0,1,0,0,0.060200668896321,0.0,
1646,Balon Greyjoy,1,,0,0,0,0,0,0,0,4,1,0.739130434782608,0.0,52.0
1648,Baelor I Targaryen,1,,0,0,0,0,0,0,0,9,1,0.501672240802675,0.0,
1650,Barba Bracken,0,House Tully,0,0,0,0,1,0,0,0,0,0.0501672240802675,0.0,
1651,Barristan Selmy,1,House Baratheon,1,1,1,1,1,0,1,0,0,1.0,0.0,44.0
1656,Benjen Stark,1,House Stark,1,1,1,1,1,0,1,5,1,0.40133779264214,0.0,66.0
1657,Bethany Bracken,0,House Tully,0,0,0,0,0,0,0,0,0,0.0301003344481605,0.0,
1658,Beric Dondarrion,1,,1,1,1,1,1,0,1,0,0,0.434782608695652,0.0,24.0
1659,Beric Dondarrion,1,,1,1,1,1,1,0,1,0,0,0.434782608695652,0.0,70.0
1660,Biter,1,Outlaw,0,1,1,1,0,0,0,0,0,0.127090301003344,0.0,37.0
1663,Bowen Marsh,1,Night's Watch,1,1,1,1,1,0,1,0,0,0.254180602006688,0.0,53.0
1666,Brynden Rivers,1,House Targaryen,0,0,0,1,1,0,1,4,1,0.605351170568561,0.0,
1672,Cletus Yronwood,1,House Martell,0,0,0,1,1,0,1,0,0,0.0702341137123745,0.0,
1674,Corlys Velaryon,1,Foreign Noble,0,0,0,0,0,1,1,0,0,0.525083612040133,0.0,
1675,Criston Cole,1,House Baratheon,0,0,0,1,0,0,1,0,0,0.505016722408026,0.0,
1676,Daemon I Blackfyre,1,House Targaryen,0,0,0,0,0,1,1,0,0,0.0,0.0,
1677,Daemon Targaryen,1,House Targaryen,0,0,0,0,0,1,1,5,1,0.668896321070234,0.0,
1678,Daenerys Targaryen,0,House Targaryen,1,1,1,1,1,1,1,15,1,1.0,0.0,73.0
1681,Dick Crabb,1,Noble,0,0,0,1,0,0,0,0,0,0.0702341137123745,0.0,
1682,Donal Noye,1,House Baratheon,1,1,1,1,1,0,0,0,0,0.140468227424749,0.0,
1683,Domeric Bolton,1,House Stark,0,1,0,1,1,0,0,0,0,0.0903010033444816,0.0,
1685,Doreah,0,House Targaryen,1,1,0,0,1,0,0,0,0,0.110367892976588,0.0,20.0
1688,Eddard Karstark,1,House Stark,1,1,1,1,1,0,0,0,0,0.0735785953177257,0.0,
1689,Eddard Stark,1,House Stark,1,1,1,1,1,1,1,6,1,1.0,0.0,
1692,Elia Martell,0,,1,1,1,1,1,1,1,7,1,0.441471571906354,0.0,
1693,Emmon Cuy,1,House Tyrell,0,1,0,0,0,0,1,0,0,0.0367892976588628,0.0,
1695,Falena Stokeworth,1,House Lannister,0,0,0,0,0,1,1,0,0,0.0234113712374581,0.0,
1698,Farlen,1,House Stark,1,1,1,0,1,0,0,0,0,0.0568561872909698,0.0,
1699,Falyse Stokeworth,0,House Lannister,0,1,1,1,1,1,0,1,1,0.100334448160535,0.0,
1703,Gared,1,Night's Watch,1,1,0,0,0,0,0,0,0,0.0936454849498327,0.0,1.0
1706,Gerion Lannister,1,House Lannister,1,1,1,1,1,0,0,0,0,0.140468227424749,0.0,
1707,Gevin Harlaw,0,House Greyjoy,0,1,1,0,0,0,0,0,0,0.0167224080267558,0.0,
1711,Grenn,1,Night's Watch,1,1,1,1,1,0,0,0,0,0.204013377926421,0.0,39.0
1714,Groleo,0,House Targaryen,0,0,1,1,1,0,1,0,0,0.110367892976588,0.0,
1716,Gregor Clegane,1,House Lannister,1,1,1,1,1,0,1,1,1,0.836120401337792,0.0,
1718,Guyard Morrigen,1,House Baratheon,0,1,0,0,1,0,1,0,0,0.0635451505016722,0.0,
1720,Haggo,1,Dothraki,1,0,0,0,0,0,0,0,0,0.0334448160535117,0.0,
1721,Hazzea,0,Foreign Peasant,0,0,0,0,1,0,0,0,0,0.0434782608695652,0.0,
1722,Hizdahr zo Loraq,1,Foreign Peasant,0,0,0,0,0,0,0,0,0,0.444816053511705,0.0,49.0
1723,Harma,0,Wildling,0,1,1,0,1,0,0,0,0,0.0535117056856187,0.0,
1724,Harry Strickland,1,Outlaw,0,0,0,0,1,0,1,0,0,0.0769230769230769,0.0,72.0
1728,High Sparrow,1,Soldier,0,0,0,1,1,0,1,0,0,0.167224080267558,0.0,60.0
1731,Holly,1,Wildling,0,0,0,0,1,0,0,0,0,0.0568561872909698,0.0,
1732,Hugh,1,House Arryn,1,0,0,0,0,0,1,0,0,0.0635451505016722,0.0,
1734,Hoster Tully,1,House Tully,1,1,1,1,1,1,1,6,1,0.331103678929765,0.0,22.0
1738,Irri,0,House Targaryen,1,1,1,1,1,0,0,0,0,0.193979933110367,0.0,16.0
1739,Imry Florent,1,House Tyrell,0,1,1,1,0,0,1,0,0,0.183946488294314,0.0,
1741,Jacelyn Bywater,1,House Baratheon,0,1,1,1,0,0,1,0,0,0.130434782608695,0.0,
1742,Jaime Lannister,1,House Lannister,1,1,1,1,1,0,1,7,1,1.0,0.0,72.0
1745,Jon Arryn,1,House Arryn,1,1,1,1,1,1,1,5,1,0.836120401337792,0.0,1.0
1749,Kedry,1,,0,0,0,1,1,0,1,0,0,0.0301003344481605,0.0,
1750,Jon Snow,1,House Stark,1,1,1,1,1,0,1,5,1,1.0,0.0,50.0
1752,Kevan Lannister,1,House Lannister,1,1,1,1,1,1,1,4,1,0.869565217391304,0.0,60.0
1754,Lharys,1,House Tully,1,0,0,0,0,0,0,0,0,0.0167224080267558,0.0,
1756,Larys Strong,1,Noble,0,0,0,0,0,0,1,0,0,0.297658862876254,0.0,
1758,Lewyn Martell,1,House Martell,1,0,1,1,1,0,1,2,1,0.147157190635451,0.0,
1759,Lothar Frey,1,House Frey,1,1,1,1,1,1,1,1,1,0.17391304347826,0.0,60.0
1761,Lysa Arryn,0,House Tully,0,0,0,0,0,1,1,5,1,0.0,0.0,37.0
1764,Mance Rayder,1,Wildling,0,0,0,0,0,0,0,0,0,0.709030100334448,0.0,41.0
1766,Mark Ryswell,0,House Stark,1,0,0,0,0,0,1,0,0,0.020066889632107,0.0,
1768,Maron Greyjoy,1,House Greyjoy,1,1,1,1,1,0,0,4,1,0.140468227424749,0.0,
1769,Martyn Cassel,0,House Stark,1,1,0,0,0,0,0,0,0,0.0334448160535117,0.0,
1773,Mirri Maz Duur,0,Foreign Peasant,1,1,1,1,1,0,1,0,0,0.1438127090301,0.0,10.0
1774,Mikken,1,House Stark,1,1,1,1,1,0,0,0,0,0.0969899665551839,0.0,
1776,Myranda Royce,0,House Arryn,0,1,1,1,1,0,0,0,0,0.0434782608695652,0.0,50.0
1777,Nettles,0,House Targaryen,0,0,0,0,0,0,0,0,0,0.0635451505016722,0.0,
1779,Obara Sand,0,House Martell,0,0,1,1,1,0,0,1,1,0.140468227424749,0.0,62.0
1780,Ulf the White,1,House Targaryen,0,0,0,0,0,0,1,0,0,0.060200668896321,0.0,
1781,Pypar,1,Night's Watch,1,1,1,1,1,0,0,0,0,0.113712374581939,0.0,39.0
1782,Roose Bolton,1,House Stark,1,1,1,1,1,1,1,1,1,0.979933110367893,0.0,52.0
1783,Shireen Baratheon,0,House Baratheon,1,1,1,1,1,0,1,4,1,0.23076923076923,0.0,49.0
1785,Renly Baratheon,1,House Baratheon,1,1,1,1,1,1,1,2,1,1.0,0.0,15.0
1790,Varamyr,1,Wildling,0,0,1,0,1,0,0,0,0,0.227424749163879,0.0,
1794,Vargo Hoat,1,Outlaw,1,1,1,1,0,0,1,0,0,0.210702341137123,0.0,
1795,Jaqen H'ghar,1,Outlaw,0,0,0,0,0,0,0,0,0,0.20066889632107,0.0,50.0
1797,Rakharo,1,House Targaryen,1,1,1,1,1,0,0,0,0,0.183946488294314,0.0,12.0
1798,Rhaella Targaryen,1,House Targaryen,1,0,1,1,1,1,1,8,1,0.321070234113712,0.0,
1799,Tywin Lannister,1,House Lannister,1,1,1,1,1,1,1,5,1,1.0,0.0,40.0
1802,Yellow Dick,1,House Bolton,0,0,0,0,1,0,0,0,0,0.0434782608695652,0.0,
1803,Yoren,0,Night's Watch,1,1,1,1,0,0,0,0,0,0.267558528428093,0.0,13.0
1807,Theo Wull,1,Outlaw,1,0,1,0,0,0,0,0,0,0.020066889632107,0.0,
1810,Wendel Manderly,1,House Stark,1,1,1,1,1,0,1,0,0,0.133779264214046,0.0,
1811,Simon Toyne,0,Noble,1,1,1,1,0,0,0,0,0,0.0367892976588628,0.0,
1812,Steffon Baratheon,1,House Baratheon,0,1,1,0,1,1,1,2,1,0.371237458193979,0.0,
1813,Shagwell,1,Outlaw,0,1,1,1,0,0,0,0,0,0.0836120401337792,0.0,
1814,Rickard Karstark,1,House Stark,1,1,1,1,1,0,1,1,1,0.23076923076923,0.0,25.0
1815,Senelle,1,House Lannister,0,0,0,1,0,0,0,0,0,0.0334448160535117,0.0,
1816,Shiera Seastar,0,House Targaryen,0,0,0,0,1,0,0,4,1,0.0434782608695652,0.0,
1820,Syrio Forel,0,Foreign Noble,1,1,1,1,1,0,0,0,0,0.120401337792642,0.0,8.0
1821,Rodrik Cassel,1,House Stark,1,1,1,1,1,0,1,1,1,0.397993311036789,0.0,16.0
1822,Stevron Frey,1,House Frey,1,1,1,1,1,1,1,0,0,0.17391304347826,0.0,
1826,Rorge,1,Outlaw,0,1,1,1,0,0,0,0,0,0.167224080267558,0.0,37.0
1827,Rickard Stark,1,House Stark,1,1,1,0,1,1,1,5,1,0.270903010033444,0.0,
1828,Visenya Targaryen,0,House Targaryen,1,1,1,1,1,1,1,5,1,0.277591973244147,0.0,
1829,Petyr Baelish,1,House Arryn,1,1,1,1,1,1,1,5,1,1.0,0.0,67.0
1830,Viserys Targaryen,1,House Targaryen,1,1,1,1,1,0,1,11,1,0.622073578595317,0.0,6.0
1831,Varys,1,,1,1,1,1,1,0,1,0,0,0.899665551839464,0.0,72.0
1835,Timeon,1,House Martell,0,0,1,1,0,0,0,0,0,0.0568561872909698,0.0,
1837,Shae,0,,1,1,1,1,1,0,0,0,0,0.290969899665551,0.0,40.0
1840,Rodrik Greyjoy,1,House Greyjoy,1,1,1,1,1,0,0,4,1,0.153846153846153,0.0,
1843,Trystane Martell,1,House Martell,1,1,1,1,1,0,1,6,1,0.150501672240802,0.0,51.0
1845,Willam Dustin,1,House Stark,1,0,0,1,1,1,1,0,0,0.0635451505016722,0.0,
1846,Torrhen Karstark,1,House Stark,1,1,1,1,1,0,0,1,1,0.0769230769230769,0.0,17.0
1848,Ygritte,1,Wildling,0,1,1,1,1,0,0,0,0,0.244147157190635,0.0,39.0
1849,Tyland Lannister,1,House Lannister,0,0,0,0,0,0,1,0,0,0.354515050167224,0.0,
1850,Thoren Smallwood,1,Night's Watch,0,1,1,0,0,0,1,0,0,0.0869565217391304,0.0,
1852,Selyse Florent,0,House Tyrell,1,1,1,1,1,1,1,0,0,0.397993311036789,0.0,50.0
1854,Sandor Clegane,1,House Lannister,1,1,1,1,1,0,0,1,1,0.695652173913043,0.0,
1855,Ulf son of Umar,1,Outlaw,1,0,0,0,0,0,0,0,0,0.0234113712374581,0.0,
1859,Kraznys mo Nakloz,1,Foreign Noble,0,0,1,0,1,0,0,0,0,0.0769230769230769,0.0,24.0
1860,Dacey Mormont,0,House Stark,1,1,1,1,1,0,0,0,0,0.0869565217391304,0.0,
1861,Jojen Reed,1,House Stark,0,1,1,1,1,0,0,0,0,0.290969899665551,0.0,40.0
1862,Lyonel Baratheon,1,House Baratheon,0,0,0,0,0,0,1,0,0,0.0568561872909698,0.0,
1864,Vardis Egen,1,House Arryn,1,1,1,0,0,0,1,0,0,0.0903010033444816,0.0,6.0
1868,Jeor Mormont,1,House Stark,1,1,1,1,1,0,1,0,0,0.618729096989966,0.0,24.0
1869,Rhaego,0,House Targaryen,1,1,1,1,0,0,0,6,1,0.167224080267558,0.0,10.0
1872,Rhaegar Frey,1,House Frey,0,1,1,1,1,1,0,0,0,0.133779264214046,0.0,
1874,Qyburn,1,House Lannister,0,1,1,1,1,0,1,0,0,0.535117056856187,0.0,72.0
1875,Weese,1,House Tully,0,1,1,1,0,0,0,0,0,0.040133779264214,0.0,
1877,Rickon Stark,1,House Stark,1,1,1,1,1,0,1,8,1,0.551839464882943,0.0,59.0
1879,Robar Royce,1,House Arryn,1,1,1,1,0,0,1,1,1,0.0969899665551839,0.0,
1881,Rhae Targaryen,0,House Targaryen,0,0,0,0,0,0,1,0,0,0.0802675585284281,0.0,
1882,Ryman Frey,1,House Frey,0,1,1,1,1,0,1,0,0,0.217391304347826,0.0,
1887,Pyg,0,Outlaw,0,0,1,1,0,0,0,0,0,0.0468227424749163,0.0,
1897,Xaro Xhoan Daxos,1,Foreign Noble,0,1,1,1,1,0,0,0,0,0.244147157190635,0.0,20.0
1898,Maelor Targaryen,1,House Targaryen,0,0,0,0,0,0,1,0,0,0.180602006688963,0.0,
1901,Alysanne Targaryen,0,,0,0,0,0,0,0,0,0,0,0.277591973244147,0.0,
1902,Baela Targaryen,0,House Targaryen,0,0,0,0,0,1,1,0,0,0.127090301003344,0.0,
1903,Brandon Stark,1,House Stark,1,1,1,0,1,0,0,0,0,0.347826086956521,0.0,
1906,Jafer Flowers,1,Night's Watch,1,0,0,0,0,0,0,0,0,0.0434782608695652,0.0,8.0
1908,Mycah,1,Peasant,1,1,1,0,0,0,0,0,0,0.103678929765886,0.0,2.0
1910,Rossart,1,Noble,0,1,1,1,0,0,1,0,0,0.367892976588628,0.0,
1912,Waymar Royce,1,House Arryn,1,1,1,1,0,0,1,1,1,0.123745819397993,0.0,1.0
1913,Stiv,0,Night's Watch,1,0,0,0,0,0,0,0,0,0.0334448160535117,0.0,6.0
1914,Daemon II Blackfyre,1,House Targaryen,0,0,0,0,0,0,1,5,1,0.227424749163879,0.0,
1916,Hugh Hammer,1,House Targaryen,0,0,0,0,0,0,1,0,0,0.0769230769230769,0.0,
1919,Rhaegar Targaryen,1,House Targaryen,1,1,1,1,1,1,1,11,1,0.799331103678929,0.0,
1920,Drogo,0,Dothraki,1,1,1,0,1,1,0,5,1,0.558528428093645,0.0,
1922,Barra,1,House Baratheon,1,1,0,0,1,0,0,1,1,0.107023411371237,0.0,
1928,Loras Tyrell,1,House Tyrell,1,1,1,1,1,0,1,2,1,0.665551839464882,0.0,60.0
1930,Stalwart Shield,0,Soldier,0,0,0,0,1,0,0,0,0,0.0434782608695652,0.0,
1935,Rohanne Webber,0,House Greyjoy,0,0,0,0,0,1,1,0,0,0.170568561872909,0.0,
1937,Walder Rivers,1,House Frey,1,1,1,1,1,1,1,0,0,0.0802675585284281,0.0,60.0
1938,Symon Silver Tongue,1,,0,1,1,0,1,0,0,0,0,0.0468227424749163,0.0,
1941,Laena Velaryon,0,Foreign Noble,0,0,0,0,0,1,0,0,0,0.140468227424749,0.0,
1942,Luwin,1,House Stark,1,1,1,1,1,0,0,0,0,0.351170568561872,0.0,
1943,Reek,1,House Bolton,0,1,0,1,1,0,0,0,0,0.0969899665551839,0.0,
1946,Tytos Lannister,1,House Lannister,0,0,1,1,1,1,1,4,1,0.210702341137123,0.0,
